global_base,global_fl,std_base,std_fl,base_avion,base_auto,base_oiseau,base_chat,base_cerf,base_chien,base_grenouille,base_cheval,base_bateau,base_camion,fl_avion,fl_auto,fl_oiseau,fl_chat,fl_cerf,fl_chien,fl_grenouille,fl_cheval,fl_bateau,fl_camion
0.8494,0.8476,0.08568796739901896,0.07810358035198657,0.8921001926782274,0.9069767441860465,0.8168421052631579,0.6861167002012073,0.8516260162601627,0.6899383983572895,0.9064449064449065,0.9053497942386831,0.9309021113243762,0.8954372623574145,0.8998073217726397,0.939922480620155,0.8084210526315789,0.7022132796780685,0.823170731707317,0.7227926078028748,0.9313929313929314,0.8539094650205762,0.8848368522072937,0.8973384030418251
