acc_global,balanced_acc,std,MEL,NV,BCC,AK,BKL,DF,VASC,SCC
0.6994736790657043,0.49246215062621485,0.19202894303247353,0.5206489675516224,0.8586224754013465,0.6953907815631263,0.36153846153846153,0.49746192893401014,0.4444444444444444,0.21052631578947367,0.35106382978723405
