acc_global_eval,balanced_acc_eval,loss_eval,std_eval,eval_MEL,eval_NV,eval_BCC,eval_AK,eval_BKL,eval_DF,eval_VASC,eval_SCC
0.6915789246559143,0.5014263805818948,1.0112336874008179,0.17189092421763363,0.5103244837758112,0.84360435007768,0.6753507014028056,0.36923076923076925,0.5279187817258884,0.4444444444444444,0.2894736842105263,0.35106382978723405
