method,gamma,global_acc,balanced_acc,std,acc_MEL,acc_NV,acc_BCC,acc_AK,acc_BKL,acc_DF,acc_VASC,acc_SCC,base_MEL,base_NV,base_BCC,base_AK,base_BKL,base_DF,base_VASC,base_SCC
focal_loss,2.0,0.7247368421052631,0.49198538181146134,0.20808039648640067,0.584070796460177,0.8870466321243523,0.72,0.35384615384615387,0.467005076142132,0.2777777777777778,0.2631578947368421,0.3829787234042553,0.471976401179941,0.8590673575129534,0.744,0.26153846153846155,0.36548223350253806,0.3333333333333333,0.10526315789473684,0.3191489361702128
