acc_global_eval,loss_eval,std_eval,eval_avion,eval_auto,eval_oiseau,eval_chat,eval_cerf,eval_chien,eval_grenouille,eval_cheval,eval_bateau,eval_camion
0.8468000292778015,0.5445091724395752,0.05524263049920615,0.859344894026975,0.9244186046511628,0.8315789473684211,0.7605633802816901,0.8170731707317073,0.7494866529774127,0.8918918918918919,0.8395061728395061,0.9001919385796545,0.8840304182509505
