bal_acc,std,plane,car,bird,cat,deer,dog,frog,horse,ship,truck
0.8493828610901561,0.05690870628520263,0.8651252408477842,0.9302325581395349,0.8294736842105264,0.7686116700201208,0.8191056910569106,0.7392197125256673,0.8752598752598753,0.8806584362139918,0.9021113243761996,0.8840304182509505
