acc_global_eval,std_eval,eval_avion,eval_auto,eval_oiseau,eval_chat,eval_cerf,eval_chien,eval_grenouille,eval_cheval,eval_bateau,eval_camion
0.850600004196167,0.07525473149961236,0.8882466281310212,0.9186046511627907,0.8357894736842105,0.710261569416499,0.8292682926829268,0.7145790554414785,0.9272349272349273,0.8703703703703703,0.9155470249520153,0.8859315589353612
