bal_acc,std,plane,car,bird,cat,deer,dog,frog,horse,ship,truck
0.8498915709774447,0.060606779739156215,0.8805394990366089,0.9224806201550387,0.8378947368421052,0.7565392354124748,0.8292682926829268,0.7248459958932238,0.8898128898128899,0.8847736625514403,0.8944337811900192,0.8783269961977186
