bal_acc,std,MEL,NV,BCC,AK,BKL,DF,VASC,SCC
0.49841852196305664,0.21517838670337647,0.551622418879056,0.8663212435233161,0.776,0.3230769230769231,0.4619289340101523,0.5,0.21052631578947367,0.2978723404255319
