method,global_acc,balanced_acc,std,acc_MEL,acc_NV,acc_BCC,acc_AK,acc_BKL,acc_DF,acc_VASC,acc_SCC,base_MEL,base_NV,base_BCC,base_AK,base_BKL,base_DF,base_VASC,base_SCC
class_balanced,0.6788888888888889,0.5769960118548048,0.14818414445333666,0.5589123867069486,0.7827050997782705,0.7280334728033473,0.30357142857142855,0.5054347826086957,0.5714285714285714,0.7058823529411765,0.46,0.5649546827794562,0.8802660753880266,0.7447698744769874,0.25,0.4076086956521739,0.3333333333333333,0.17647058823529413,0.24
