bal_acc,std,MEL,NV,BCC,AK,BKL,DF,VASC,SCC
0.5250103173333767,0.18366573115501764,0.5457227138643068,0.8424870466321244,0.744,0.35384615384615387,0.4467005076142132,0.6111111111111112,0.3157894736842105,0.3404255319148936
