acc_global,balanced_acc,std,MEL,NV,BCC,AK,BKL,DF,VASC,SCC
0.703157901763916,0.43848829731862116,0.2458361134754742,0.49262536873156343,0.8840579710144928,0.7269076305220884,0.3230769230769231,0.47715736040609136,0.2222222222222222,0.10526315789473684,0.2765957446808511
