method,global_acc,balanced_acc,std,loss,acc_MEL,acc_NV,acc_BCC,acc_AK,acc_BKL,acc_DF,acc_VASC,acc_SCC
SS_baseline_256hvp_iter9,0.7073684210526315,0.5030390872682258,0.1961846489676821,0.9611924,0.5132743362831859,0.877720207253886,0.74,0.38461538461538464,0.4263959390862944,0.5,0.2631578947368421,0.3191489361702128
