acc_global,balanced_acc,std,MEL,NV,BCC,AK,BKL,DF,VASC,SCC
0.7052631378173828,0.5053299459458744,0.1886432413689666,0.551622418879056,0.8788819875776398,0.7028112449799196,0.2923076923076923,0.4010152284263959,0.4444444444444444,0.47368421052631576,0.2978723404255319
