acc_global_eval,balanced_acc_eval,loss_eval,std_eval,eval_MEL,eval_NV,eval_BCC,eval_AK,eval_BKL,eval_DF,eval_VASC,eval_SCC
0.6978947520256042,0.5148109170418341,0.8417068719863892,0.16423715599481314,0.5811209439528023,0.827979274611399,0.652,0.4153846153846154,0.5431472081218274,0.3888888888888889,0.2631578947368421,0.44680851063829785
