bal_acc,std,plane,car,bird,cat,deer,dog,frog,horse,ship,truck
0.8521853397147572,0.059561373877164085,0.8747591522157996,0.9282945736434108,0.8252631578947368,0.7344064386317908,0.8272357723577236,0.7659137577002053,0.8898128898128899,0.8786008230452675,0.9040307101727447,0.8935361216730038
