bal_acc,std,plane,car,bird,cat,deer,dog,frog,horse,ship,truck
0.8541224087170022,0.0654694911104389,0.8805394990366089,0.9244186046511628,0.8189473684210526,0.744466800804829,0.8313008130081301,0.7351129363449692,0.9064449064449065,0.8909465020576132,0.9117082533589251,0.8973384030418251
