acc_global_eval,loss_eval,std_eval,eval_avion,eval_auto,eval_oiseau,eval_chat,eval_cerf,eval_chien,eval_grenouille,eval_cheval,eval_bateau,eval_camion
0.8507999777793884,0.4524504542350769,0.05191060179953824,0.8709055876685935,0.9321705426356589,0.8063157894736842,0.7967806841046278,0.8373983739837398,0.7515400410677618,0.8752598752598753,0.8353909465020576,0.8829174664107485,0.9068441064638784
