acc_global,balanced_acc,std,MEL,NV,BCC,AK,BKL,DF,VASC,SCC
0.6715789437294006,0.5559696006384747,0.12790763254821347,0.551622418879056,0.7712215320910973,0.6947791164658634,0.36923076923076925,0.5380710659898477,0.4444444444444444,0.631578947368421,0.44680851063829785
