acc_global_eval,balanced_acc_eval,loss_eval,std_eval,eval_MEL,eval_NV,eval_BCC,eval_AK,eval_BKL,eval_DF,eval_VASC,eval_SCC
0.6700000166893005,0.5798112094415419,0.933846116065979,0.11312182967168279,0.5398230088495575,0.7512953367875648,0.696,0.47692307692307695,0.5989847715736041,0.4444444444444444,0.6842105263157895,0.44680851063829785
