bal_acc,std,MEL,NV,BCC,AK,BKL,DF,VASC,SCC
0.5161255549354185,0.19458505899581807,0.5398230088495575,0.8642487046632125,0.72,0.3384615384615385,0.4517766497461929,0.6111111111111112,0.2631578947368421,0.3404255319148936
